sku;kategoria;cena
DEMO-0001;Dekoracje świąteczne / lampka choinkowa;86.19
DEMO-0002;Biuro - akcesoria / podkładka pod mysz;11.18
DEMO-0003;Elektronika / Audio / słuchawki bluetooth;131.48
DEMO-0004;Ochrona ekranu / szkło hartowane;117.07
DEMO-0005;Elektronika / Audio / słuchawki bluetooth;174.23
DEMO-0006;Fitness / mata do jogi;286.39
DEMO-0007;GSM / etui na telefon;210.23
DEMO-0008;Narzędzia warsztatowe / wiertarka udarowa;159.48
DEMO-0009;Podstawka chłodząca pod laptopa;189.09
DEMO-0010;Instrumenty muzyczne / struny gitarowe;206.09
DEMO-0011;Kuchnia / organizer kuchenny;25.65
DEMO-0012;Akcesoria audio / słuchawki do biegania;270.85
DEMO-0013;Zasilanie / powerbank;236.18
DEMO-0014;Kuchnia / organizer kuchenny;263.6
DEMO-0015;Zraszacz ogrodowy obrotowy;241.37
DEMO-0016;Meble ogrodowe / leżaki składane;123.78
DEMO-0017;Ogród - podlewanie / wąż ogrodowy;125.69
DEMO-0018;Gumy oporowe do treningu w domu;40.02
DEMO-0019;Pojemniki kuchenne na przyprawy sypkie;193.93
DEMO-0020;Zwierzęta / karma dla kota;28.04
DEMO-0021;Elektronika / Audio / słuchawki bluetooth;29.52
DEMO-0022;Zabawki / zestaw klocków;70.53
DEMO-0023;Pojemniki kuchenne na przyprawy sypkie;57.06
DEMO-0024;Podstawka chłodząca pod laptopa;108.61
DEMO-0025;Motoryzacja / dywaniki samochodowe;25.24
DEMO-0026;Uroda / kosmetyki do pielęgnacji twarzy;10.06
DEMO-0027;Zasilanie / powerbank;53.86
DEMO-0028;Dekoracje świąteczne / lampka choinkowa;39.41
DEMO-0029;Dekoracje świąteczne / lampka choinkowa;115.44
DEMO-0030;Biuro - akcesoria / podkładka pod mysz;17.39
DEMO-0031;Zraszacz ogrodowy obrotowy;263.55
DEMO-0032;Słuchawki douszne bezprzewodowe TWS;188.07
DEMO-0033;Ładowarki przenośne / bank energii 10000mAh;53.07
DEMO-0034;Obudowy ochronne na smartfon;83.14
DEMO-0035;Ładowarki przenośne / bank energii 10000mAh;110.73
DEMO-0036;Gumy oporowe do treningu w domu;115.6
DEMO-0037;Słuchawki douszne bezprzewodowe TWS;45.61
DEMO-0038;Kable do smartfona / przewód ładujący USB-C;256.18
DEMO-0039;Podstawka chłodząca pod laptopa;297.99
DEMO-0040;Ochrona ekranu / szkło hartowane;145.13
DEMO-0041;Ogród - podlewanie / wąż ogrodowy;150.3
DEMO-0042;Akcesoria mobilne / słuchawki bezprzewodowe;34.9
DEMO-0043;Wędkarstwo / zestawy przynęt;39.62
DEMO-0044;Narzędzia warsztatowe / wiertarka udarowa;109.35
DEMO-0045;Podstawka chłodząca pod laptopa;86.77
DEMO-0046;Akcesoria mobilne / słuchawki bezprzewodowe;250.36
DEMO-0047;Klocki edukacyjne dla dzieci 6+;56.81
DEMO-0048;Kuchnia / organizer kuchenny;16.69
DEMO-0049;Pojemniki kuchenne na przyprawy sypkie;285.78
DEMO-0050;Klocki edukacyjne dla dzieci 6+;163.18
DEMO-0051;Fitness / mata do jogi;52.5
DEMO-0052;Instrumenty muzyczne / struny gitarowe;167.51
DEMO-0053;Papeteria / notesy w kratkę;17.83
DEMO-0054;Obudowy ochronne na smartfon;163.14
DEMO-0055;GSM / etui na telefon;293.76
DEMO-0056;Ochrona ekranu / szkło hartowane;260.35
DEMO-0057;Biuro - akcesoria / podkładka pod mysz;211.89
DEMO-0058;Słuchawki douszne bezprzewodowe TWS;85.71
DEMO-0059;Fitness / mata do jogi;116.33
DEMO-0060;Narzędzia warsztatowe / wiertarka udarowa;58.43
DEMO-0061;Dekoracje świąteczne / lampka choinkowa;233.85
DEMO-0062;Pojemniki kuchenne na przyprawy sypkie;164.44
DEMO-0063;Oświetlenie świąteczne LED / girlanda na choinkę;235.92
DEMO-0064;Rowery / akcesoria rowerowe;105.59
DEMO-0065;Folia hybrydowa do ekranu telefonu;74.67
DEMO-0066;Oświetlenie świąteczne LED / girlanda na choinkę;245.33
DEMO-0067;Elektronika / Audio / słuchawki bluetooth;295.62
DEMO-0068;Oświetlenie świąteczne LED / girlanda na choinkę;257.25
DEMO-0069;Zraszacz ogrodowy obrotowy;243.75
DEMO-0070;Folia hybrydowa do ekranu telefonu;247.31
DEMO-0071;Dekoracje świąteczne / lampka choinkowa;224.55
DEMO-0072;Podstawka chłodząca pod laptopa;75.74
DEMO-0073;Ogród - podlewanie / wąż ogrodowy;160.11
DEMO-0074;Fitness / mata do jogi;113.1
DEMO-0075;Folia hybrydowa do ekranu telefonu;18.39
DEMO-0076;Zabawki / zestaw klocków;18.09
DEMO-0077;Meble ogrodowe / leżaki składane;91.02
DEMO-0078;Zabawki / zestaw klocków;85.15
DEMO-0079;Gumy oporowe do treningu w domu;210.82
DEMO-0080;Modelarstwo / farby akrylowe;287.38
DEMO-0081;Klocki edukacyjne dla dzieci 6+;139.69
DEMO-0082;GSM / etui na telefon;281.73
DEMO-0083;Modelarstwo / farby akrylowe;296.52
DEMO-0084;Zabawki / zestaw klocków;286.94
DEMO-0085;Słuchawki douszne bezprzewodowe TWS;115.73
DEMO-0086;Akcesoria audio / słuchawki do biegania;73.92
DEMO-0087;Zwierzęta / karma dla kota;75.78
DEMO-0088;Słuchawki douszne bezprzewodowe TWS;67.03
DEMO-0089;Zabawki / zestaw klocków;69.26
DEMO-0090;Ładowarki przenośne / bank energii 10000mAh;190.97
DEMO-0091;Klocki edukacyjne dla dzieci 6+;271.08
DEMO-0092;Kable do smartfona / przewód ładujący USB-C;253.72
DEMO-0093;Papeteria / notesy w kratkę;149.04
DEMO-0094;Modelarstwo / farby akrylowe;199.35
DEMO-0095;Zasilanie / powerbank;241.89
DEMO-0096;GSM / etui na telefon;34.58
DEMO-0097;Akcesoria audio / słuchawki do biegania;201.56
DEMO-0098;Ochrona ekranu / szkło hartowane;273.83
DEMO-0099;Ogród - podlewanie / wąż ogrodowy;236.86
DEMO-0100;Papeteria / notesy w kratkę;227.53
DEMO-0101;Ładowarki przenośne / bank energii 10000mAh;148.62
DEMO-0102;Obudowy ochronne na smartfon;61.76
DEMO-0103;Fitness / mata do jogi;238.84
DEMO-0104;Ochrona ekranu / szkło hartowane;106.42
DEMO-0105;Akcesoria audio / słuchawki do biegania;242.23
DEMO-0106;Ogród - podlewanie / wąż ogrodowy;291.77
DEMO-0107;Oświetlenie świąteczne LED / girlanda na choinkę;124.78
DEMO-0108;Fitness / mata do jogi;126.39
DEMO-0109;Akcesoria audio / słuchawki do biegania;284.56
DEMO-0110;Obudowy ochronne na smartfon;220.18
DEMO-0111;Rowery / akcesoria rowerowe;59.29
DEMO-0112;GSM / etui na telefon;46.83
DEMO-0113;Uroda / kosmetyki do pielęgnacji twarzy;53.82
DEMO-0114;Kable do smartfona / przewód ładujący USB-C;272.4
DEMO-0115;Zraszacz ogrodowy obrotowy;243.88
DEMO-0116;Motoryzacja / dywaniki samochodowe;52.38
DEMO-0117;Zasilanie / powerbank;249.68
DEMO-0118;Zwierzęta / karma dla kota;294.28
DEMO-0119;Gumy oporowe do treningu w domu;200.6
DEMO-0120;Ładowarki przenośne / bank energii 10000mAh;111.61
DEMO-0121;Folia hybrydowa do ekranu telefonu;169.1
DEMO-0122;Kuchnia / organizer kuchenny;47.98
DEMO-0123;Pojemniki kuchenne na przyprawy sypkie;14.12
DEMO-0124;Wędkarstwo / zestawy przynęt;291.55
DEMO-0125;Kable do smartfona / przewód ładujący USB-C;198.4
DEMO-0126;Rowery / akcesoria rowerowe;162.7
DEMO-0127;Biuro - akcesoria / podkładka pod mysz;280.74
DEMO-0128;Zraszacz ogrodowy obrotowy;135.79
DEMO-0129;Akcesoria mobilne / słuchawki bezprzewodowe;262.8
DEMO-0130;Elektronika / Audio / słuchawki bluetooth;249.58
DEMO-0131;Akcesoria mobilne / słuchawki bezprzewodowe;71.19
DEMO-0132;Instrumenty muzyczne / struny gitarowe;83.02
DEMO-0133;Wędkarstwo / zestawy przynęt;94.95
DEMO-0134;Meble ogrodowe / leżaki składane;79.75
DEMO-0135;Zasilanie / powerbank;180.06
DEMO-0136;Biuro - akcesoria / podkładka pod mysz;85.21
DEMO-0137;Ochrona ekranu / szkło hartowane;131.5
DEMO-0138;Oświetlenie świąteczne LED / girlanda na choinkę;48.0
DEMO-0139;Akcesoria mobilne / słuchawki bezprzewodowe;273.89
DEMO-0140;Kuchnia / organizer kuchenny;112.59
DEMO-0141;Kuchnia / organizer kuchenny;142.86
DEMO-0142;Folia hybrydowa do ekranu telefonu;179.16
DEMO-0143;Gumy oporowe do treningu w domu;272.24
DEMO-0144;Elektronika / Audio / słuchawki bluetooth;131.97
DEMO-0145;Biuro - akcesoria / podkładka pod mysz;276.13
DEMO-0146;Zabawki / zestaw klocków;155.47
DEMO-0147;Uroda / kosmetyki do pielęgnacji twarzy;164.22
DEMO-0148;GSM / etui na telefon;161.81
DEMO-0149;Kable do smartfona / przewód ładujący USB-C;15.41
DEMO-0150;Zasilanie / powerbank;137.63
DEMO-0151;Motoryzacja / dywaniki samochodowe;63.09
DEMO-0152;Ogród - podlewanie / wąż ogrodowy;11.13
DEMO-0153;Akcesoria mobilne / słuchawki bezprzewodowe;241.75
DEMO-0154;Klocki edukacyjne dla dzieci 6+;59.97
DEMO-0155;Dekoracje świąteczne / lampka choinkowa;147.3
DEMO-0156;Obudowy ochronne na smartfon;220.3
